Filename,Name,Norm_Factor,Skew,FWHM,Norm,Wavelength,PL_Norm,PL_Slope,Fe_UV_Norm,Fe_UV_FWHM,Fe_UV_del,Fe_Opt_Norm,Fe_Opt_FWHM,Fe_Opt_del,Balmer_norm,Balmer_Te,Balmer_tau
example.csv,MgII,2.21e+43,0.0,1120.2999524648856,16.227528106529682,2797.246871934603,1.9830627880768001,-1.4950187888770383,0.026874758553111517,2153.845156531446,-0.00035745377616020754,0.0,3000.0,0.0,0.0,10000.0,0.1
example.csv, ,2.21e+43,0.0,4250.0,0.0,2791.2486923906094,1.9830627880768001,-1.4950187888770383,0.026874758553111517,2153.845156531446,-0.00035745377616020754,0.0,3000.0,0.0,0.0,10000.0,0.1
example.csv, ,2.21e+43,0.0,3264.491593700798,23.55880012578368,2798.294197026341,1.9830627880768001,-1.4950187888770383,0.026874758553111517,2153.845156531446,-0.00035745377616020754,0.0,3000.0,0.0,0.0,10000.0,0.1
example.csv, ,2.21e+43,0.0,161.0995559383534,0.25089183497790124,2800.18069273107,1.9830627880768001,-1.4950187888770383,0.026874758553111517,2153.845156531446,-0.00035745377616020754,0.0,3000.0,0.0,0.0,10000.0,0.1
