FWHM,eFWHM,Sigma,eSigma,Blueshift,eBlueshift,EW,eEW,pWave,epWave,iLum,eiLum,Mono_Lum,eMono_Lum
3362.6626384083615,41.70546776683041,2097.9029171523403,184.64357605417663,198.33669113915613,26.55866293661655,16.132441364484656,0.31245899249720654,2797.3378896170743,0.6625964757056411,45.15940583469535,0.008322324516811103,47.39024034790656,0.0006941671151356322
