FWHM,eFWHM,Sigma,eSigma,Blueshift,eBlueshift,EW,eEW,pWave,epWave,iLum,eiLum,Mono_Lum,eMono_Lum
3229.668481109362,60.36829159506184,2700.6516131135213,173.98965048796674,114.59953822185301,31.77267355614669,18.354475752242447,0.29455333208542056,2799.807053148622,0.585166764320323,45.21296423013856,0.006826555403972982,47.381272092184574,0.0003070605381151597
