FWHM,eFWHM,Sigma,eSigma,Blueshift,eBlueshift,EW,eEW,pWave,epWave,iLum,eiLum,Mono_Lum,eMono_Lum
3382.1172801360503,101.85858706325435,2183.239266952132,125.9488488542915,243.12633107168486,28.73946457423341,16.10682287415132,0.2590902348995982,2796.646960204712,0.8390717571172422,45.15882348871976,0.006994021696561302,47.39040571559018,0.000557146176746231
