FWHM,eFWHM,Sigma,eSigma,Blueshift,eBlueshift,EW,eEW,pWave,epWave,iLum,eiLum,Mono_Lum,eMono_Lum
3380.6152508547943,84.04683632469914,2090.2786664879354,67.7620086024503,206.71040643088548,28.81918584963015,16.025866571884773,0.30420898759203746,2796.9469690285005,0.7810479395888892,45.15651869291415,0.007981659408099527,47.39036462557853,0.0005877438424821633
