FWHM,eFWHM,Sigma,eSigma,Blueshift,eBlueshift,EW,eEW,pWave,epWave,iLum,eiLum,Mono_Lum,eMono_Lum
398.98243662189867,238.13396926004873,169.26090336208895,101.1839470963457,-124.92766663469457,87.99897305716853,0.1858234942584972,0.2328609288393926,2800.283430796093,0.8216331495132624,43.03470686650058,0.3490004440177018,47.38995720119406,0.0005581139837877998
