FWHM,eFWHM,Sigma,eSigma,Blueshift,eBlueshift,EW,eEW,pWave,epWave,iLum,eiLum,Mono_Lum,eMono_Lum
3338.8778357064543,64.44547098483147,2105.1481576034234,139.44139213551463,213.91569633306747,22.876484101740786,16.10955503718246,0.2575788154045042,2797.2651602052465,0.7358800560709376,45.158741782600096,0.006350157161473462,47.39025537798378,0.001151107515578008
