FWHM,eFWHM,Sigma,eSigma,Blueshift,eBlueshift,EW,eEW,pWave,epWave,iLum,eiLum,Mono_Lum,eMono_Lum
3315.3693304474054,0.0,2082.574294084168,0.0,200.28406678837516,0.0,16.18047093238409,0.0,2797.4469837348156,0.0,45.16061415934466,0.0,47.390095165564894,0.0
