FWHM,eFWHM,Sigma,eSigma,Blueshift,eBlueshift,EW,eEW,pWave,epWave,iLum,eiLum,Mono_Lum,eMono_Lum
3362.9374955593694,73.23917488335817,2123.0292513808795,119.62864012800243,217.42097250170195,18.674510052328746,16.199809124790114,0.20673825474165086,2797.40698255831,0.7940006826123193,45.16093879440949,0.005656212258959453,47.389983412321584,0.00046982367009477325
