FWHM,eFWHM,Sigma,eSigma,Blueshift,eBlueshift,EW,eEW,pWave,epWave,iLum,eiLum,Mono_Lum,eMono_Lum
3180.5014248613984,110.37137787838132,2129.0167834678837,167.3585543453396,204.17881808686624,23.850383390784113,16.322663548674782,0.23866527116522068,2799.4470425600753,0.7084120988782561,45.1643552576087,0.006299356909055635,47.39013491123538,0.0006264914374436891
