FWHM,eFWHM,Sigma,eSigma,Blueshift,eBlueshift,EW,eEW,pWave,epWave,iLum,eiLum,Mono_Lum,eMono_Lum
3334.55576758079,82.90232047276928,2094.2387770135097,75.48536209975994,206.12619373610298,13.207744254247013,16.163706528619027,0.08863786383615571,2797.646989617341,0.2558483845790249,45.16016280442023,0.0021940009470794814,47.390027790498635,0.0007058510783452893
