FWHM,eFWHM,Sigma,eSigma,Blueshift,eBlueshift,EW,eEW,pWave,epWave,iLum,eiLum,Mono_Lum,eMono_Lum
3715.3697142424594,399.24933579473566,2035.869095122561,190.44494170585554,243.1263310716873,50.237007895217836,20.746339952379007,6.33656120187249,2797.0969734403957,0.6719572605421139,45.151246782841355,0.027298870516262903,47.27247809773571,0.13238244747787314
