FWHM,eFWHM,Sigma,eSigma,Blueshift,eBlueshift,EW,eEW,pWave,epWave,iLum,eiLum,Mono_Lum,eMono_Lum
3326.209979479035,89.04912260686405,2237.7492491481125,211.00129404592465,247.41055750002025,49.593506388963775,16.232883854115304,0.22029725054734572,2797.0869731462685,0.5713310781386538,45.16203389442173,0.0058590963378098914,47.39006688455203,0.00099085004543889
