FWHM,eFWHM,Sigma,eSigma,Blueshift,eBlueshift,EW,eEW,pWave,epWave,iLum,eiLum,Mono_Lum,eMono_Lum
3411.1974578131135,107.61720539617322,2020.7270717984386,12.883599991022134,93.1784060801908,72.95774712713278,15.66589712463831,0.3418903282555703,2797.7669931468577,1.0628576809670356,45.146703906404156,0.009067524989276723,47.39052019577793,0.000454285511661891
