FWHM,eFWHM,Sigma,eSigma,Blueshift,eBlueshift,EW,eEW,pWave,epWave,iLum,eiLum,Mono_Lum,eMono_Lum
3428.8979392051806,87.36762501559339,2045.0381995468895,62.507704020234144,225.9894253583678,31.48250607585384,15.958093551447778,0.10313855826332462,2796.2469484396597,1.0119586147424453,45.15463238962861,0.00285091993292278,47.390132300745385,0.0001446692513144441
