FWHM,eFWHM,Sigma,eSigma,Blueshift,eBlueshift,EW,eEW,pWave,epWave,iLum,eiLum,Mono_Lum,eMono_Lum
3825.42489067775,435.551208621042,1995.6264458819362,132.73436255624662,213.13674607337634,23.853563229939052,15.456468017940551,0.6862934048392919,2796.6869613812173,1.3994696156338908,45.13484719825814,0.0196596815861568,47.39037239386117,0.0005160591787235139
