FWHM,eFWHM,Sigma,eSigma,Blueshift,eBlueshift,EW,eEW,pWave,epWave,iLum,eiLum,Mono_Lum,eMono_Lum
3375.468957930452,31.19820935434276,2018.642961799395,66.9109404482593,243.12633107168003,19.1596430494962,15.798055993817481,0.19552386960486087,2796.686961381217,0.6621372889160749,45.15024729376618,0.005174074143494075,47.3903779411212,0.0006843903523584987
