FWHM,eFWHM,Sigma,eSigma,Blueshift,eBlueshift,EW,eEW,pWave,epWave,iLum,eiLum,Mono_Lum,eMono_Lum
3567.4590143456676,392.0780128428896,2058.383377638108,120.68751516876091,217.4209725016971,24.981118210219957,15.705110187985213,0.6425557071427417,2796.646960204712,1.308472663193785,45.14709508859452,0.01782206236275094,47.38989349942146,0.00049125172840932
