FWHM,eFWHM,Sigma,eSigma,Blueshift,eBlueshift,EW,eEW,pWave,epWave,iLum,eiLum,Mono_Lum,eMono_Lum
3595.466969558723,414.8020223849966,2078.4423926004865,133.63493744594012,213.13674607337148,21.84535415869943,15.9125900154796,0.6676263914077863,2796.886967263743,1.2419705042449347,45.147604639695835,0.018860690678083873,47.390184861692276,0.0007615175104236578
