FWHM,eFWHM,Sigma,eSigma,Blueshift,eBlueshift,EW,eEW,pWave,epWave,iLum,eiLum,Mono_Lum,eMono_Lum
3553.1169335080567,438.0696736780827,2004.7608300601332,93.03200924579907,204.5682932167154,28.418343159377198,15.722135037188561,0.5855304395609623,2797.3669813818055,0.20396677956654563,45.14803645796415,0.017067205492164676,47.390286840509646,0.0008762996444850962
