FWHM,eFWHM,Sigma,eSigma,Blueshift,eBlueshift,EW,eEW,pWave,epWave,iLum,eiLum,Mono_Lum,eMono_Lum
3417.9671533908213,191.71668055346595,2134.148187850759,92.61505057321841,204.56829321671538,16.03010746215929,16.030495863935332,0.33407799284488976,2796.646960204712,1.5748478938579276,45.156646165620444,0.009518913846695527,47.39029264008941,0.0009494459650949025
