FWHM,eFWHM,Sigma,eSigma,Blueshift,eBlueshift,EW,eEW,pWave,epWave,iLum,eiLum,Mono_Lum,eMono_Lum
3342.8929259051793,106.93909979419543,2015.4154306979685,10.996908524187942,200.2840667883849,13.54791352539707,16.01378921245693,0.19140666373590098,2797.526986087826,0.20396677956647427,45.15588367140858,0.004975228900162376,47.38996694633569,0.00027992781472647993
