FWHM,eFWHM,Sigma,eSigma,Blueshift,eBlueshift,EW,eEW,pWave,epWave,iLum,eiLum,Mono_Lum,eMono_Lum
271220.2207359824,0.0,17236.290879584136,0.0,225784.85676568607,0.0,0.0003009241943322427,0.0,1200.0,0.0,,,45.9472384289254,0.0
