FWHM,eFWHM,Sigma,eSigma,Blueshift,eBlueshift,EW,eEW,pWave,epWave,iLum,eiLum,Mono_Lum,eMono_Lum
3640.816327570016,123.61880640806092,2002.987631499274,9.07903603982048,136.02067036348598,66.37095043320382,15.523346840661855,0.24151310297573125,2797.086973146269,1.0072038886050658,45.14203117116167,0.006415287362808879,47.38959363519531,0.0006433115981270918
