FWHM,eFWHM,Sigma,eSigma,Blueshift,eBlueshift,EW,eEW,pWave,epWave,iLum,eiLum,Mono_Lum,eMono_Lum
3285.8121689188783,39.09394443249996,2124.665576601733,88.3847676647771,221.70519893002756,23.465674562563965,16.11199636790736,0.23890608744616576,2797.3269802053,0.32497109415874587,45.15888619260276,0.006304681073212004,47.39032800336402,0.00035790648881456945
