FWHM,eFWHM,Sigma,eSigma,Blueshift,eBlueshift,EW,eEW,pWave,epWave,iLum,eiLum,Mono_Lum,eMono_Lum
3291.831761705481,42.66475543874396,2171.9620951381826,211.56667957562587,191.71561393174335,32.060214924312085,16.27416562272027,0.3517004885360417,2797.6469896173417,0.3346738539621718,45.16313283686438,0.008896727267931096,47.38999722214059,0.0007485737268318875
