FWHM,eFWHM,Sigma,eSigma,Blueshift,eBlueshift,EW,eEW,pWave,epWave,iLum,eiLum,Mono_Lum,eMono_Lum
3355.9267336938974,92.3942178290907,2028.7453554983372,28.5835417236368,200.28406678839463,30.294055596090455,15.982564355807844,0.2543041984093275,2797.086973146269,0.9329797437558012,45.15485919560039,0.0062605278465216385,47.39003766194262,0.0010408376386970876
