FWHM,eFWHM,Sigma,eSigma,Blueshift,eBlueshift,EW,eEW,pWave,epWave,iLum,eiLum,Mono_Lum,eMono_Lum
3499.0883522771946,149.76391710058024,2004.4033285606606,20.00568595359556,118.88376465017375,59.672369161144694,15.721107018646336,0.38199236786628804,2797.366981381805,0.8635067230535545,45.147929980520885,0.010094959315953203,47.390367666478994,0.0007625429247641099
