FWHM,eFWHM,Sigma,eSigma,Blueshift,eBlueshift,EW,eEW,pWave,epWave,iLum,eiLum,Mono_Lum,eMono_Lum
3626.2942490145642,79.0126003844871,2012.9736006158287,18.92704551744417,148.87334964847742,10.494168691932288,15.470738120937465,0.2307012782152926,2796.9269684402484,0.09798247154877461,45.141047533347646,0.006245695972890559,47.390458453172656,0.0002833816665221596
