FWHM,eFWHM,Sigma,eSigma,Blueshift,eBlueshift,EW,eEW,pWave,epWave,iLum,eiLum,Mono_Lum,eMono_Lum
3365.5519994083543,37.46299399287691,2053.479489827766,53.30937028224545,200.2840667883849,13.54791352539707,16.245454188129635,0.1833416867278911,2797.2469778522895,0.3346738539621174,45.16241765758456,0.004455038709908807,47.39016663805817,0.0009198797401640513
