FWHM,eFWHM,Sigma,eSigma,Blueshift,eBlueshift,EW,eEW,pWave,epWave,iLum,eiLum,Mono_Lum,eMono_Lum
3781.3261910043148,441.54717575381414,2097.51031423963,320.0832473816271,221.70519893003728,44.93334585596492,15.458012331978694,0.850917490040494,2796.606959028207,1.0983947231468194,45.14052280576453,0.02430591518842803,47.39048975674245,0.0005723602834388234
